{"cameraMode":{"drawMode":0,"name":"Shaded","section":"Shading Mode"},"sceneLighting":false,"audioPlay":false,"sceneViewState":{"showFog":true,"showMaterialUpdate":false,"showSkybox":false,"showFlares":true,"showImageEffects":true,"showParticleSystems":true},"in2DMode":false,"pivot":{"x":0.2571614980697632,"y":0.061374399811029437,"z":0.019057154655456544},"rotation":{"x":-0.01261734589934349,"y":0.6599977016448975,"z":-0.011105217970907689,"w":-0.7511195540428162},"size":0.4404976963996887,"orthographic":false}