{"cameraMode":{"drawMode":0,"name":"Shaded","section":"Shading Mode"},"sceneLighting":false,"audioPlay":false,"sceneViewState":{"showFog":true,"showMaterialUpdate":false,"showSkybox":false,"showFlares":true,"showImageEffects":true,"showParticleSystems":true},"in2DMode":false,"pivot":{"x":-0.000005885958671569824,"y":0.014634959399700165,"z":0.0000033676624298095705},"rotation":{"x":-0.09123972803354263,"y":-0.7817454934120178,"z":0.11881283670663834,"w":-0.6059866547584534},"size":0.398953914642334,"orthographic":false}