{"cameraMode":{"drawMode":0,"name":"Shaded","section":"Shading Mode"},"sceneLighting":false,"audioPlay":false,"sceneViewState":{"showFog":true,"showMaterialUpdate":false,"showSkybox":false,"showFlares":true,"showImageEffects":true,"showParticleSystems":true},"in2DMode":false,"pivot":{"x":-0.000005885958671569824,"y":0.00025278329849243164,"z":-0.0143788056448102},"rotation":{"x":0.11633919179439545,"y":-0.8420852422714233,"z":0.20275640487670899,"w":0.48718932271003725},"size":0.6989539861679077,"orthographic":false}